Acronym, ID, redgreenblue
root, 997, 255255255
grey, 8, 191218227
CH, 567, 176240255
CTX, 688, 176255184
CTXpl, 695, 112255112
Isocortex, 315, 112255113
FRP, 184, 3814369
FRP1, 68, 3814369
FRP2/3, 667, 3814369
FRP5, 526157192, 3814369
FRP6a, 526157196, 3814369
FRP6b, 526322264, 3814369
MO, 500, 3115790
MO1, 107, 3115790
MO2/3, 219, 3115790
MO5, 299, 3115790
MO6a, 644, 3115790
MO6b, 947, 3115790
MOp, 985, 3115790
MOp1, 320, 3115790
MOp2/3, 943, 3115790
MOp5, 648, 3115790
MOp6a, 844, 3115790
MOp6b, 882, 3115790
MOs, 993, 3115790
MOs1, 656, 3115790
MOs2/3, 962, 3115790
MOs5, 767, 3115790
MOs6a, 1021, 3115790
MOs6b, 1085, 3115790
SS, 453, 24128100
SS1, 12993, 24128100
SS2/3, 12994, 24128100
SS4, 12995, 24128100
SS5, 12996, 24128100
SS6a, 12997, 24128100
SS6b, 12998, 24128100
SSp, 322, 24128100
SSp1, 793, 24128100
SSp2/3, 346, 24128100
SSp4, 865, 24128100
SSp5, 921, 24128100
SSp6a, 686, 24128100
SSp6b, 719, 24128100
SSp-n, 353, 24128100
SSp-n1, 558, 24128100
SSp-n2/3, 838, 24128100
SSp-n4, 654, 24128100
SSp-n5, 702, 24128100
SSp-n6a, 889, 24128100
SSp-n6b, 929, 24128100
SSp-bfd, 329, 24128100
SSp-bfd1, 981, 24128100
SSp-bfd2/3, 201, 24128100
SSp-bfd4, 1047, 24128100
SSp-bfd5, 1070, 24128100
SSp-bfd6a, 1038, 24128100
SSp-bfd6b, 1062, 24128100
VISrll, 480149202, 24128100
VISrll1, 480149206, 24128100
VISrll2/3, 480149210, 24128100
VISrll4, 480149214, 24128100
VISrll5, 480149218, 24128100
VISrll6a, 480149222, 24128100
VISrll6b, 480149226, 24128100
SSp-ll, 337, 24128100
SSp-ll1, 1030, 24128100
SSp-ll2/3, 113, 24128100
SSp-ll4, 1094, 24128100
SSp-ll5, 1128, 24128100
SSp-ll6a, 478, 24128100
SSp-ll6b, 510, 24128100
SSp-m, 345, 24128100
SSp-m1, 878, 24128100
SSp-m2/3, 657, 24128100
SSp-m4, 950, 24128100
SSp-m5, 974, 24128100
SSp-m6a, 1102, 24128100
SSp-m6b, 2, 24128100
SSp-ul, 369, 24128100
SSp-ul1, 450, 24128100
SSp-ul2/3, 854, 24128100
SSp-ul4, 577, 24128100
SSp-ul5, 625, 24128100
SSp-ul6a, 945, 24128100
SSp-ul6b, 1026, 24128100
SSp-tr, 361, 24128100
SSp-tr1, 1006, 24128100
SSp-tr2/3, 670, 24128100
SSp-tr4, 1086, 24128100
SSp-tr5, 1111, 24128100
SSp-tr6a, 9, 24128100
SSp-tr6b, 461, 24128100
SSp-un, 182305689, 24128100
SSp-un1, 182305693, 24128100
SSp-un2/3, 182305697, 24128100
SSp-un4, 182305701, 24128100
SSp-un5, 182305705, 24128100
SSp-un6a, 182305709, 24128100
SSp-un6b, 182305713, 24128100
SSs, 378, 24128100
SSs1, 873, 24128100
SSs2/3, 806, 24128100
SSs4, 1035, 24128100
SSs5, 1090, 24128100
SSs6a, 862, 24128100
SSs6b, 893, 24128100
GU, 1057, 0156117
GU1, 36, 0156117
GU2/3, 180, 0156117
GU4, 148, 0156117
GU5, 187, 0156117
GU6a, 638, 0156117
GU6b, 662, 0156117
VISC, 677, 17173131
VISC1, 897, 17173131
VISC2/3, 1106, 17173131
VISC4, 1010, 17173131
VISC5, 1058, 17173131
VISC6a, 857, 17173131
VISC6b, 849, 17173131
AUD, 247, 1147153
AUDd, 1011, 1147153
AUDd1, 527, 1147153
AUDd2/3, 600, 1147153
AUDd4, 678, 1147153
AUDd5, 252, 1147153
AUDd6a, 156, 1147153
AUDd6b, 243, 1147153
VISlla, 480149230, 1147153
VISlla1, 480149234, 1147153
VISlla2/3, 480149238, 1147153
VISlla4, 480149242, 1147153
VISlla5, 480149246, 1147153
VISlla6a, 480149250, 1147153
VISlla6b, 480149254, 1147153
AUDp, 1002, 1147153
AUDp1, 735, 1147153
AUDp2/3, 251, 1147153
AUDp4, 816, 1147153
AUDp5, 847, 1147153
AUDp6a, 954, 1147153
AUDp6b, 1005, 1147153
AUDpo, 1027, 1147153
AUDpo1, 696, 1147153
AUDpo2/3, 643, 1147153
AUDpo4, 759, 1147153
AUDpo5, 791, 1147153
AUDpo6a, 249, 1147153
AUDpo6b, 456, 1147153
AUDv, 1018, 1147153
AUDv1, 959, 1147153
AUDv2/3, 755, 1147153
AUDv4, 990, 1147153
AUDv5, 1023, 1147153
AUDv6a, 520, 1147153
AUDv6b, 598, 1147153
VIS, 669, 8133140
VIS1, 801, 8133140
VIS2/3, 561, 8133140
VIS4, 913, 8133140
VIS5, 937, 8133140
VIS6a, 457, 8133140
VIS6b, 497, 8133140
VISal, 402, 8133140
VISal1, 1074, 8133140
VISal2/3, 905, 8133140
VISal4, 1114, 8133140
VISal5, 233, 8133140
VISal6a, 601, 8133140
VISal6b, 649, 8133140
VISam, 394, 8133140
VISam1, 281, 8133140
VISam2/3, 1066, 8133140
VISam4, 401, 8133140
VISam5, 433, 8133140
VISam6a, 1046, 8133140
VISam6b, 441, 8133140
VISl, 409, 8133140
VISl1, 421, 8133140
VISl2/3, 973, 8133140
VISl4, 573, 8133140
VISl5, 613, 8133140
VISl6a, 74, 8133140
VISl6b, 121, 8133140
VISp, 385, 8133140
VISp1, 593, 8133140
VISp2/3, 821, 8133140
VISp4, 721, 8133140
VISp5, 778, 8133140
VISp6a, 33, 8133140
VISp6b, 305, 8133140
VISpl, 425, 8133140
VISpl1, 750, 8133140
VISpl2/3, 269, 8133140
VISpl4, 869, 8133140
VISpl5, 902, 8133140
VISpl6a, 377, 8133140
VISpl6b, 393, 8133140
VISpm, 533, 8133140
VISpm1, 805, 8133140
VISpm2/3, 41, 8133140
VISpm4, 501, 8133140
VISpm5, 565, 8133140
VISpm6a, 257, 8133140
VISpm6b, 469, 8133140
VISli, 312782574, 8133140
VISli1, 312782578, 8133140
VISli2/3, 312782582, 8133140
VISli4, 312782586, 8133140
VISli5, 312782590, 8133140
VISli6a, 312782594, 8133140
VISli6b, 312782598, 8133140
VISpor, 312782628, 8133140
VISpor1, 312782632, 8133140
VISpor2/3, 312782636, 8133140
VISpor4, 312782640, 8133140
VISpor5, 312782644, 8133140
VISpor6a, 312782648, 8133140
VISpor6b, 312782652, 8133140
ACA, 31, 64166102
ACA1, 572, 64166102
ACA2/3, 1053, 64166102
ACA5, 739, 64166102
ACA6a, 179, 64166102
ACA6b, 227, 64166102
ACAd, 39, 64166102
ACAd1, 935, 64166102
ACAd2/3, 211, 64166102
ACAd5, 1015, 64166102
ACAd6a, 919, 64166102
ACAd6b, 927, 64166102
ACAv, 48, 64166102
ACAv1, 588, 64166102
ACAv2/3, 296, 64166102
ACAv5, 772, 64166102
ACAv6a, 810, 64166102
ACAv6b, 819, 64166102
PL, 972, 4716880
PL1, 171, 4716880
PL2, 195, 4716880
PL2/3, 304, 4716880
PL5, 363, 4716880
PL6a, 84, 4716880
PL6b, 132, 4716880
ILA, 44, 8917999
ILA1, 707, 8917999
ILA2, 747, 8917999
ILA2/3, 556, 8917999
ILA5, 827, 8917999
ILA6a, 1054, 8917999
ILA6b, 1081, 8917999
ORB, 714, 3613894
ORB1, 264, 3613894
ORB2/3, 492, 3613894
ORB5, 352, 3613894
ORB6a, 476, 3613894
ORB6b, 516, 3613894
ORBl, 723, 3613894
ORBl1, 448, 3613894
ORBl2/3, 412, 3613894
ORBl5, 630, 3613894
ORBl6a, 440, 3613894
ORBl6b, 488, 3613894
ORBm, 731, 3613894
ORBm1, 484, 3613894
ORBm2, 524, 3613894
ORBm2/3, 582, 3613894
ORBm5, 620, 3613894
ORBm6a, 910, 3613894
ORBm6b, 527696977, 3613894
ORBv, 738, 3613894
ORBvl, 746, 3613894
ORBvl1, 969, 3613894
ORBvl2/3, 288, 3613894
ORBvl5, 1125, 3613894
ORBvl6a, 608, 3613894
ORBvl6b, 680, 3613894
AI, 95, 33152102
AId, 104, 33152102
AId1, 996, 33152102
AId2/3, 328, 33152102
AId5, 1101, 33152102
AId6a, 783, 33152102
AId6b, 831, 33152102
AIp, 111, 33152102
AIp1, 120, 33152102
AIp2/3, 163, 33152102
AIp5, 344, 33152102
AIp6a, 314, 33152102
AIp6b, 355, 33152102
AIv, 119, 33152102
AIv1, 704, 33152102
AIv2/3, 694, 33152102
AIv5, 800, 33152102
AIv6a, 675, 33152102
AIv6b, 699, 33152102
RSP, 254, 26166152
RSPagl, 894, 26166152
RSPagl1, 671, 26166152
RSPagl2/3, 965, 26166152
RSPagl5, 774, 26166152
RSPagl6a, 906, 26166152
RSPagl6b, 279, 26166152
VISmma, 480149258, 26166152
VISmma1, 480149262, 26166152
VISmma2/3, 480149266, 26166152
VISmma4, 480149270, 26166152
VISmma5, 480149274, 26166152
VISmma6a, 480149278, 26166152
VISmma6b, 480149282, 26166152
VISmmp, 480149286, 26166152
VISmmp1, 480149290, 26166152
VISmmp2/3, 480149294, 26166152
VISmmp4, 480149298, 26166152
VISmmp5, 480149302, 26166152
VISmmp6a, 480149306, 26166152
VISmmp6b, 480149310, 26166152
VISm, 480149314, 26166152
VISm1, 480149318, 26166152
VISm2/3, 480149322, 26166152
VISm4, 480149326, 26166152
VISm5, 480149330, 26166152
VISm6a, 480149334, 26166152
VISm6b, 480149338, 26166152
RSPd, 879, 26166152
RSPd1, 442, 26166152
RSPd2/3, 434, 26166152
RSPd4, 545, 26166152
RSPd5, 610, 26166152
RSPd6a, 274, 26166152
RSPd6b, 330, 26166152
RSPv, 886, 26166152
RSPv1, 542, 26166152
RSPv2, 606, 26166152
RSPv2/3, 430, 26166152
RSPv5, 687, 26166152
RSPv6a, 590, 26166152
RSPv6b, 622, 26166152
PTLp, 22, 0159172
PTLp1, 532, 0159172
PTLp2/3, 241, 0159172
PTLp4, 635, 0159172
PTLp5, 683, 0159172
PTLp6a, 308, 0159172
PTLp6b, 340, 0159172
VISa, 312782546, 0159172
VISa1, 312782550, 0159172
VISa2/3, 312782554, 0159172
VISa4, 312782558, 0159172
VISa5, 312782562, 0159172
VISa6a, 312782566, 0159172
VISa6b, 312782570, 0159172
VISrl, 417, 0159172
VISrl1, 312782604, 0159172
VISrl2/3, 312782608, 0159172
VISrl4, 312782612, 0159172
VISrl5, 312782616, 0159172
VISrl6a, 312782620, 0159172
VISrl6b, 312782624, 0159172
TEa, 541, 21176179
TEa1, 97, 21176179
TEa2/3, 1127, 21176179
TEa4, 234, 21176179
TEa5, 289, 21176179
TEa6a, 729, 21176179
TEa6b, 786, 21176179
PERI, 922, 14150132
PERI6a, 335, 14150132
PERI6b, 368, 14150132
PERI1, 540, 14150132
PERI5, 692, 14150132
PERI2/3, 888, 14150132
ECT, 895, 13159145
ECT1, 836, 13159145
ECT2/3, 427, 13159145
ECT5, 988, 13159145
ECT6a, 977, 13159145
ECT6b, 1045, 13159145
OLF, 698, 154210189
MOB, 507, 154210189
MOBgl, 212, 130199174
MOBgr, 220, 130199174
MOBipl, 228, 154210189
MOBmi, 236, 130199174
MOBopl, 244, 154210189
AOB, 151, 157240210
AOBgl, 188, 157240210
AOBgr, 196, 149228200
AOBmi, 204, 157240210
AON, 159, 84191148
AONd, 167, 84191148
AONe, 175, 84191148
AONl, 183, 84191148
AONm, 191, 84191148
AONpv, 199, 84191148
AON1, 160, 84191148
AON2, 168, 84191148
TT, 589, 98208159
TTd, 597, 98208159
TTd1-4, 297, 98208159
TTd1, 1034, 98208159
TTd2, 1042, 98208159
TTd3, 1050, 98208159
TTd4, 1059, 98208159
TTv, 605, 98208159
TTv1-3, 306, 98208159
TTv1, 1067, 98208159
TTv2, 1075, 98208159
TTv3, 1082, 98208159
DP, 814, 164218164
DP1, 496, 164218164
DP2, 535, 164218164
DP2/3, 360, 164218164
DP5, 646, 164218164
DP6a, 267, 164218164
PIR, 961, 106203186
PIR1-3, 152, 106203186
PIR1, 276, 106203186
PIR2, 284, 106203186
PIR3, 291, 106203186
NLOT, 619, 149228200
NLOT1-3, 392, 149228200
NLOT1, 260, 149228200
NLOT2, 268, 149228200
NLOT3, 1139, 149228200
COA, 631, 97231183
COAa, 639, 97231183
COAa1, 192, 97231183
COAa2, 200, 97231183
COAa3, 208, 97231183
COAp, 647, 97231183
COApl, 655, 97231183
COApl1-2, 584, 97231183
COApl1-3, 376, 97231183
COApl1, 216, 97231183
COApl2, 224, 97231183
COApl3, 232, 97231183
COApm, 663, 97231183
COApm1-2, 592, 97231183
COApm1-3, 383, 97231183
COApm1, 240, 97231183
COApm2, 248, 97231183
COApm3, 256, 97231183
PAA, 788, 89218171
PAA1-3, 400, 89218171
PAA1, 408, 89218171
PAA2, 416, 89218171
PAA3, 424, 89218171
TR, 566, 168236211
TR1-3, 517, 168236211
TR1, 1140, 168236211
TR2, 1141, 168236211
TR3, 1142, 168236211
HPF, 1089, 12620875
HIP, 1080, 12620875
CA, 375, 12620875
CA1, 382, 12620875
CA1slm, 391, 12620875
CA1so, 399, 12620875
CA1sp, 407, 10216861
CA1sr, 415, 12620875
CA2, 423, 12620875
CA2slm, 431, 12620875
CA2so, 438, 12620875
CA2sp, 446, 10216861
CA2sr, 454, 12620875
CA3, 463, 12620875
CA3slm, 471, 12620875
CA3slu, 479, 12620875
CA3so, 486, 12620875
CA3sp, 495, 10216861
CA3sr, 504, 12620875
DG, 726, 12620875
DG-mo, 10703, 12620875
DG-po, 10704, 12620875
DG-sg, 632, 10216861
DG-sgz, 10702, 12620875
DGcr, 734, 12620875
DGcr-mo, 742, 12620875
DGcr-po, 751, 12620875
DGcr-sg, 758, 12620875
DGlb, 766, 12620875
DGlb-mo, 775, 12620875
DGlb-po, 782, 12620875
DGlb-sg, 790, 12620875
DGmb, 799, 12620875
DGmb-mo, 807, 12620875
DGmb-po, 815, 12620875
DGmb-sg, 823, 12620875
FC, 982, 12620875
IG, 19, 12620875
RHP, 822, 5018437
ENT, 909, 5018437
ENTl, 918, 5018437
ENTl1, 1121, 5018437
ENTl2, 20, 5018437
ENTl2/3, 999, 5018437
ENTl2a, 715, 5018437
ENTl2b, 764, 5018437
ENTl3, 52, 5018437
ENTl4, 92, 5018437
ENTl4/5, 312, 5018437
ENTl5, 139, 5018437
ENTl5/6, 387, 5018437
ENTl6a, 28, 5018437
ENTl6b, 60, 5018437
ENTm, 926, 5018437
ENTm1, 526, 5018437
ENTm2, 543, 5018437
ENTm2a, 468, 5018437
ENTm2b, 508, 5018437
ENTm3, 664, 5018437
ENTm4, 712, 5018437
ENTm5, 727, 5018437
ENTm5/6, 550, 5018437
ENTm6, 743, 5018437
ENTmv, 934, 5018437
ENTmv1, 259, 5018437
ENTmv2, 324, 5018437
ENTmv3, 371, 5018437
ENTmv4, 419, 5018437
ENTmv5/6, 1133, 5018437
PAR, 843, 114213105
PAR1, 10693, 114213105
PAR2, 10694, 114213105
PAR3, 10695, 114213105
POST, 1037, 7220060
POST1, 10696, 7220060
POST2, 10697, 7220060
POST3, 10698, 7220060
PRE, 1084, 8918571
PRE1, 10699, 8918571
PRE2, 10700, 8918571
PRE3, 10701, 8918571
SUB, 502, 7919468
SUBd, 509, 7919468
SUBd-m, 829, 7919468
SUBd-sp, 845, 7518171
SUBd-sr, 837, 7919468
SUBv, 518, 7919468
SUBv-m, 853, 7919468
SUBv-sp, 870, 7518171
SUBv-sr, 861, 7919468
ProS, 484682470, 8818672
ProSd, 484682475, 8818672
ProSd-m, 484682479, 8818672
ProSd-sp, 484682483, 8618475
ProSd-sr, 484682487, 8818672
ProSv, 484682492, 8818672
ProSv-m, 484682496, 8818672
ProSv-sp, 484682500, 8618475
Prosv-sr, 484682504, 8818672
HATA, 589508447, 5118550
APr, 484682508, 5118550
CTXsp, 703, 138218135
6b, 16, 138218135
CLA, 583, 138218135
EP, 942, 160238157
EPd, 952, 160238157
EPv, 966, 160238157
LA, 131, 144235141
BLA, 295, 157231156
BLAa, 303, 157231156
BLAp, 311, 157231156
BLAv, 451, 157231156
BMA, 319, 132234129
BMAa, 327, 132234129
BMAp, 334, 132234129
PA, 780, 151236147
CNU, 623, 152214249
STR, 477, 152214249
STRd, 485, 152214249
CP, 672, 152214249
STRv, 493, 128205248
ACB, 56, 128205248
FS, 998, 128205248
OT, 754, 128205248
isl, 481, 128205248
islm, 489, 128205248
OT1-3, 144, 128205248
OT1, 458, 128205248
OT2, 465, 128205248
OT3, 473, 128205248
LSS, 549009199, 128205248
LSX, 275, 144203237
LS, 242, 144203237
LSc, 250, 144203237
LSr, 258, 144203237
LSv, 266, 144203237
SF, 310, 144203237
SH, 333, 144203237
sAMY, 278, 128192226
AAA, 23, 128192226
BA, 292, 128192226
CEA, 536, 128192226
CEAc, 544, 128192226
CEAl, 551, 128192226
CEAm, 559, 128192226
IA, 1105, 128192226
MEA, 403, 128192226
MEAad, 411, 128192226
MEAav, 418, 128192226
MEApd, 426, 128192226
MEApd-a, 472, 128192226
MEApd-b, 480, 128192226
MEApd-c, 487, 128192226
MEApv, 435, 128192226
PAL, 803, 133153204
PALd, 818, 133153204
GPe, 1022, 133153204
GPi, 1031, 133153204
PALv, 835, 162177216
SI, 342, 162177216
MA, 298, 162177216
PALm, 826, 150167211
MSC, 904, 150167211
MS, 564, 150167211
NDB, 596, 150167211
TRS, 581, 150167211
PALc, 809, 179192223
BST, 351, 179192223
BSTa, 359, 179192223
BSTal, 537, 179192223
BSTam, 498, 179192223
BSTdm, 505, 179192223
BSTfu, 513, 179192223
BSTju, 546, 179192223
BSTmg, 521, 179192223
BSTov, 554, 179192223
BSTrh, 562, 179192223
BSTv, 529, 179192223
BSTp, 367, 179192223
BSTd, 569, 179192223
BSTpr, 578, 179192223
BSTif, 585, 179192223
BSTtr, 594, 179192223
BSTse, 602, 179192223
BAC, 287, 179192223
BS, 343, 255112128
IB, 1129, 255112128
TH, 549, 255112128
DORsm, 864, 255128132
VENT, 637, 255128132
VAL, 629, 255128132
VM, 685, 255128132
VP, 709, 255128132
VPL, 718, 255128132
VPLpc, 725, 255128132
VPM, 733, 255128132
VPMpc, 741, 255128132
PoT, 563807435, 255128132
SPF, 406, 255128132
SPFm, 414, 255128132
SPFp, 422, 255128132
SPA, 609, 255128132
PP, 1044, 255128132
GENd, 1008, 255128132
MG, 475, 255128132
MGd, 1072, 255128132
MGv, 1079, 255128132
MGm, 1088, 255128132
LGd, 170, 255128132
LGd-sh, 496345664, 255128132
LGd-co, 496345668, 255128132
LGd-ip, 496345672, 255128132
DORpm, 856, 255144159
LAT, 138, 255144159
LP, 218, 255144159
PO, 1020, 255144159
POL, 1029, 255144159
SGN, 325, 255144159
Eth, 560581551, 255144159
REth, 560581555, 255144159
ATN, 239, 255144159
AV, 255, 255144159
AM, 127, 255144159
AMd, 1096, 255144159
AMv, 1104, 255144159
AD, 64, 255144159
IAM, 1120, 255144159
IAD, 1113, 255144159
LD, 155, 255144159
MED, 444, 255144159
IMD, 59, 255144159
MD, 362, 255144159
MDc, 617, 255144159
MDl, 626, 255144159
MDm, 636, 255144159
SMT, 366, 255144159
PR, 1077, 255144159
MTN, 571, 255144159
PVT, 149, 255144159
PT, 15, 255144159
RE, 181, 255144159
Xi, 560581559, 255144159
ILM, 51, 255144159
RH, 189, 255144159
CM, 599, 255144159
PCN, 907, 255144159
CL, 575, 255144159
PF, 930, 255144159
PIL, 560581563, 255144159
RT, 262, 255144159
GENv, 1014, 255144159
IGL, 27, 255144159
IntG, 563807439, 255144159
LGv, 178, 255144159
LGvl, 300, 255144159
LGvm, 316, 255144159
SubG, 321, 255144159
EPI, 958, 255144159
MH, 483, 255144159
LH, 186, 255144159
PIN, 953, 255144159
HY, 1097, 2306856
PVZ, 157, 2559380
SO, 390, 2559380
ASO, 332, 2559380
NC, 432, 2559380
PVH, 38, 2559380
PVHm, 71, 2559380
PVHam, 47, 2559380
PVHmm, 79, 2559380
PVHpm, 103, 2559380
PVHpml, 652, 2559380
PVHpmm, 660, 2559380
PVHp, 94, 2559380
PVHap, 55, 2559380
PVHmpd, 87, 2559380
PVHpv, 110, 2559380
PVa, 30, 2559380
PVi, 118, 2559380
ARH, 223, 2559380
PVR, 141, 2558571
ADP, 72, 2558571
AHA, 80, 2558571
AVP, 263, 2558571
AVPV, 272, 2558571
DMH, 830, 2558571
DMHa, 668, 2558571
DMHp, 676, 2558571
DMHv, 684, 2558571
MEPO, 452, 2558571
MPO, 523, 2558571
OV, 763, 2558571
PD, 914, 2558571
PS, 1109, 2558571
PSCH, 1124, 2558571
PVp, 126, 2558571
PVpo, 133, 2558571
SBPV, 347, 2558571
SCH, 286, 2558571
SFO, 338, 2558571
VMPO, 576073699, 2558571
VLPO, 689, 2558571
MEZ, 467, 2557662
AHN, 88, 2557662
AHNa, 700, 2557662
AHNc, 708, 2557662
AHNd, 716, 2557662
AHNp, 724, 2557662
MBO, 331, 2557662
LM, 210, 2557662
MM, 491, 2557662
Mmme, 732, 2557662
Mml, 606826647, 2557662
Mmm, 606826651, 2557662
Mmp, 606826655, 2557662
Mmd, 606826659, 2557662
SUM, 525, 2557662
SUMl, 1110, 2557662
SUMm, 1118, 2557662
TM, 557, 2557662
TMd, 1126, 2557662
TMv, 1, 2557662
MPN, 515, 2557662
MPNc, 740, 2557662
MPNl, 748, 2557662
MPNm, 756, 2557662
PMd, 980, 2557662
PMv, 1004, 2557662
PVHd, 63, 2557662
PVHdp, 439, 2557662
PVHf, 447, 2557662
PVHlp, 455, 2557662
PVHmpv, 464, 2557662
VMH, 693, 2557662
VMHa, 761, 2557662
VMHc, 769, 2557662
VMHdm, 777, 2557662
VMHvl, 785, 2557662
PH, 946, 2557662
LZ, 290, 2427259
LHA, 194, 2427259
LPO, 226, 2427259
PST, 356, 2427259
PSTN, 364, 2427259
PeF, 576073704, 2427259
RCH, 173, 2427259
STN, 470, 2427259
TU, 614, 2427259
ZI, 797, 2427259
A13, 796, 2427259
FF, 804, 2427259
ME, 10671, 2427259
MB, 313, 255100255
MBsen, 339, 255122255
SCs, 302, 255122255
SCop, 851, 255122255
SCsg, 842, 255122255
SCzo, 834, 255122255
IC, 4, 255122255
ICc, 811, 255122255
ICd, 820, 255122255
ICe, 828, 255122255
NB, 580, 255122255
SAG, 271, 255122255
PBG, 874, 255122255
MEV, 460, 255122255
SCO, 599626923, 255122255
MBmot, 323, 255144255
SNr, 381, 255144255
VTA, 749, 255144255
PN, 607344830, 255144255
RR, 246, 255144255
MRN, 128, 255144255
MRNm, 539, 255144255
MRNmg, 548, 255144255
MRNp, 555, 255144255
SCm, 294, 255144255
SCdg, 26, 255144255
SCdw, 42, 255144255
SCiw, 17, 255144255
SCig, 10, 255144255
SCig-a, 494, 255144255
SCig-b, 503, 255144255
SCig-c, 511, 255144255
PAG, 795, 255144255
PRC, 50, 255144255
INC, 67, 255144255
ND, 587, 255144255
Su3, 614454277, 255144255
PRT, 1100, 255144255
APN, 215, 255144255
MPT, 531, 255144255
NOT, 628, 255144255
NPC, 634, 255144255
OP, 706, 255144255
PPT, 1061, 255144255
RPF, 549009203, 255144255
InCo, 549009207, 255144255
CUN, 616, 255144255
RN, 214, 255144255
III, 35, 255144255
MA3, 549009211, 255144255
EW, 975, 255144255
IV, 115, 255144255
Pa4, 606826663, 255144255
VTN, 757, 255144255
AT, 231, 255144255
LT, 66, 255144255
DT, 75, 255144255
MT, 58, 255144255
SNl, 615, 255144255
MBsta, 348, 255144255
SNc, 374, 255166255
PPN, 1052, 255166255
RAmb, 165, 255166255
IF, 12, 255166255
IPN, 100, 255166255
IPR, 607344834, 255166255
IPC, 607344838, 255166255
IPA, 607344842, 255166255
IPL, 607344846, 255166255
IPI, 607344850, 255166255
IPDM, 607344854, 255166255
IPDL, 607344858, 255166255
IPRL, 607344862, 255166255
RL, 197, 255166255
CLI, 591, 255166255
DR, 872, 255166255
HB, 1065, 255155136
P, 771, 255155136
P-sen, 1132, 255174111
NLL, 612, 255174111
NLLd, 82, 255174111
NLLh, 90, 255174111
NLLv, 99, 255174111
PSV, 7, 255174111
PB, 867, 255174111
KF, 123, 255174111
PBl, 881, 255174111
PBlc, 860, 255174111
PBld, 868, 255174111
PBle, 875, 255174111
PBls, 883, 255174111
PBlv, 891, 255174111
PBm, 890, 255174111
PBme, 899, 255174111
PBmm, 915, 255174111
PBmv, 923, 255174111
SOC, 398, 255174111
POR, 122, 255174111
SOCm, 105, 255174111
SOCl, 114, 255174111
P-mot, 987, 255186134
B, 280, 255186134
DTN, 880, 255186134
LTN, 283, 255186134
PDTg, 599626927, 255186134
PCG, 898, 255186134
PG, 931, 255186134
PRNc, 1093, 255186134
PRNv, 552, 255186134
SG, 318, 255186134
SSN, 462, 255186134
SUT, 534, 255186134
TRN, 574, 255186134
V, 621, 255186134
P5, 549009215, 255186134
Acs5, 549009219, 255186134
PC5, 549009223, 255186134
I5, 549009227, 255186134
P-sat, 1117, 255195149
CS, 679, 255195149
CSl, 137, 255195149
CSm, 130, 255195149
LC, 147, 255195149
LDT, 162, 255195149
NI, 604, 255195149
PRNr, 146, 255195149
RPO, 238, 255195149
SLC, 350, 255195149
SLD, 358, 255195149
MY, 354, 255155205
MY-sen, 386, 255165210
AP, 207, 255165210
CN, 607, 255165210
CNlam, 112, 255165210
CNspg, 560, 255165210
DCO, 96, 255165210
VCO, 101, 255165210
DCN, 720, 255165210
CU, 711, 255165210
GR, 1039, 255165210
ECU, 903, 255165210
NTB, 642, 255165210
NTS, 651, 255165210
NTSce, 659, 255165210
NTSco, 666, 255165210
NTSge, 674, 255165210
NTSl, 682, 255165210
NTSm, 691, 255165210
SPVC, 429, 255165210
SPVI, 437, 255165210
SPVO, 445, 255165210
SPVOcdm, 77, 255165210
SPVOmdmd, 53, 255165210
SPVOmdmv, 61, 255165210
SPVOrdm, 45, 255165210
SPVOvl, 69, 255165210
Pa5, 589508451, 255165210
z, 789, 255165210
MY-mot, 370, 255179217
VI, 653, 255179217
ACVI, 568, 255179217
VII, 661, 255179217
ACVII, 576, 255179217
EV, 640, 255179217
AMB, 135, 255179217
AMBd, 939, 255179217
AMBv, 143, 255179217
DMX, 839, 255179217
ECO, 887, 255179217
GRN, 1048, 255179217
ICB, 372, 255179217
IO, 83, 255179217
IRN, 136, 255179217
ISN, 106, 255179217
LIN, 203, 255179217
LRN, 235, 255179217
LRNm, 955, 255179217
LRNp, 963, 255179217
MARN, 307, 255179217
MDRN, 395, 255179217
MDRNd, 1098, 255179217
MDRNv, 1107, 255179217
PARN, 852, 255179217
PAS, 859, 255179217
PGRN, 938, 255179217
PGRNd, 970, 255179217
PGRNl, 978, 255179217
PHY, 154, 255179217
NIS, 161, 255179217
NR, 177, 255179217
PRP, 169, 255179217
PMR, 995, 255179217
PPY, 1069, 255179217
PPYd, 185, 255179217
PPYs, 193, 255179217
VNC, 701, 255179217
LAV, 209, 255179217
MV, 202, 255179217
SPIV, 225, 255179217
SUV, 217, 255179217
x, 765, 255179217
XII, 773, 255179217
y, 781, 255179217
INV, 76, 255179217
MY-sat, 379, 255198226
RM, 206, 255198226
RPA, 230, 255198226
RO, 222, 255198226
CB, 512, 240240128
CBX, 528, 240240128
VERM, 645, 255252145
LING, 912, 255252145
LINGmo, 10707, 255252145
LINGpu, 10706, 255252145
LINGgr, 10705, 23623184
CENT, 920, 255252145
CENT2, 976, 255252145
CENT2mo, 10710, 255252145
CENT2pu, 10709, 255252145
CENT2gr, 10708, 23623184
CENT3, 984, 255252145
CENT3mo, 10713, 255252145
CENT3pu, 10712, 255252145
CENT3gr, 10711, 23623184
CUL, 928, 255252145
CUL4, 992, 255252145
CUL4mo, 10716, 255252145
CUL4pu, 10715, 255252145
CUL4gr, 10714, 23623184
CUL5, 1001, 255252145
CUL5mo, 10719, 255252145
CUL5pu, 10718, 255252145
CUL5gr, 10717, 23623184
"CUL4, 1091, 255252
"CUL4, 10722, 255252
"CUL4, 10721, 255252
"CUL4, 10720, 236231
DEC, 936, 255252145
DECmo, 10725, 255252145
DECpu, 10724, 255252145
DECgr, 10723, 23623184
FOTU, 944, 255252145
FOTUmo, 10728, 255252145
FOTUpu, 10727, 255252145
FOTUgr, 10726, 23623184
PYR, 951, 255252145
PYRmo, 10731, 255252145
PYRpu, 10730, 255252145
PYRgr, 10729, 23623184
UVU, 957, 255252145
UVUmo, 10734, 255252145
UVUpu, 10733, 255252145
UVUgr, 10732, 23623184
NOD, 968, 255252145
NODmo, 10737, 255252145
NODpu, 10736, 255252145
NODgr, 10735, 23623184
HEM, 1073, 255252145
SIM, 1007, 255252145
SIMmo, 10674, 255252145
SIMpu, 10673, 255252145
SIMgr, 10672, 23623184
AN, 1017, 255252145
ANcr1, 1056, 255252145
ANcr1mo, 10677, 255252145
ANcr1pu, 10676, 255252145
ANcr1gr, 10675, 23623184
ANcr2, 1064, 255252145
ANcr2mo, 10680, 255252145
ANcr2pu, 10679, 255252145
ANcr2gr, 10678, 23623184
PRM, 1025, 255252145
PRMmo, 10683, 255252145
PRMpu, 10682, 255252145
PRMgr, 10681, 23623184
COPY, 1033, 255252145
COPYmo, 10686, 255252145
COPYpu, 10685, 255252145
COPYgr, 10684, 23623184
PFL, 1041, 255252145
PFLmo, 10689, 255252145
PFLpu, 10688, 255252145
PFLgr, 10687, 23623184
FL, 1049, 255252145
FLmo, 10692, 255252145
FLpu, 10691, 255252145
FLgr, 10690, 23623184
CBXmo, 1144, 255252145
CBXpu, 1145, 255252145
CBXgr, 1143, 23623184
CBN, 519, 240240128
FN, 989, 255253188
IP, 91, 255253188
DN, 846, 255253188
VeCB, 589508455, 255253188
fiber tracts, 1009, 204204204
cm, 967, 204204204
tn, 885, 204204204
von, 949, 204204204
In, 840, 204204204
onl, 1016, 204204204
lotg, 21, 204204204
lot, 665, 204204204
lotd, 538, 204204204
aolt, 459, 204204204
aco, 900, 204204204
IIn, 848, 204204204
aot, 876, 204204204
bsc, 916, 204204204
csc, 336, 204204204
och, 117, 204204204
opt, 125, 204204204
ttp, 357, 204204204
IIIn, 832, 204204204
mlf, 62, 204204204
pc, 158, 204204204
IVn, 911, 204204204
IVd, 384, 204204204
VIn, 710, 204204204
Vn, 901, 204204204
moV, 93, 204204204
sV, 229, 204204204
mtV, 705, 204204204
sptV, 794, 204204204
VIIn, 798, 204204204
iVIIn, 1131, 204204204
gVIIn, 1116, 204204204
VIIIn, 933, 204204204
cvb, 1076, 204204204
vVIIIn, 413, 204204204
cVIIIn, 948, 204204204
tb, 841, 204204204
ias, 641, 204204204
das, 506, 204204204
ll, 658, 204204204
cic, 633, 204204204
bic, 482, 204204204
IXn, 808, 204204204
Xn, 917, 204204204
ts, 237, 204204204
XIn, 717, 204204204
XIIn, 813, 204204204
vrt, 925, 204204204
drt, 792, 204204204
cett, 932, 204204204
dl, 570, 204204204
dcm, 522, 204204204
vc, 858, 204204204
fpr, 586, 204204204
dc, 514, 204204204
cuf, 380, 204204204
grf, 388, 204204204
iaf, 396, 204204204
ml, 697, 204204204
sst, 871, 204204204
sttl, 29, 204204204
sttv, 389, 204204204
scrt, 245, 204204204
sop, 261, 204204204
srp, 270, 204204204
svp, 293, 204204204
stp, 277, 204204204
shp, 253, 204204204
step, 285, 204204204
hht, 627, 204204204
cbf, 960, 204204204
cbc, 744, 204204204
cbp, 752, 204204204
scp, 326, 204204204
dscp, 812, 204204204
sct, 85, 204204204
uf, 850, 204204204
sctv, 866, 204204204
mcp, 78, 204204204
icp, 1123, 204204204
sctd, 553, 204204204
cct, 499, 204204204
jrb, 650, 204204204
bct, 490, 204204204
oct, 404, 204204204
rct, 410, 204204204
tct, 373, 204204204
arb, 728, 204204204
scwm, 484682512, 204204204
lfbs, 983, 204204204
cc, 776, 204204204
fa, 956, 204204204
ec, 579, 204204204
ee, 964, 204204204
ccg, 1108, 204204204
fp, 971, 204204204
ccr, 979, 204204204
ccb, 484682516, 204204204
ccs, 986, 204204204
cst, 784, 204204204
int, 6, 204204204
cpd, 924, 204204204
cte, 1036, 204204204
crt, 1012, 204204204
cpt, 1003, 204204204
cbt, 994, 204204204
py, 190, 204204204
pyd, 198, 204204204
cstc, 1019, 204204204
cstu, 1028, 204204204
lfbst, 896, 204204204
em, 1092, 204204204
im, 14, 204204204
mtc, 86, 204204204
tp, 365, 204204204
or, 484682520, 204204204
ar, 484682524, 204204204
eps, 1000, 204204204
epsc, 760, 204204204
pap, 142, 204204204
nst, 102, 204204204
ntt, 109, 204204204
ptf, 134, 204204204
snp, 309, 204204204
stf, 317, 204204204
tsp, 877, 204204204
tspd, 1051, 204204204
dtd, 1060, 204204204
tspc, 1043, 204204204
rust, 863, 204204204
vtd, 397, 204204204
rrt, 221, 204204204
ctb, 736, 204204204
rst, 855, 204204204
rstl, 205, 204204204
rstm, 213, 204204204
vsp, 941, 204204204
mfbs, 991, 204204204
mfbc, 768, 204204204
amc, 884, 204204204
apd, 892, 204204204
act, 908, 204204204
cing, 940, 204204204
fxs, 1099, 204204204
alv, 466, 204204204
df, 530, 204204204
fi, 603, 204204204
fxprg, 745, 204204204
db, 420, 204204204
fxpo, 737, 204204204
mct, 428, 204204204
fx, 436, 204204204
hc, 618, 204204204
dhc, 443, 204204204
vhc, 449, 204204204
per, 713, 204204204
ab, 474, 204204204
lab, 37, 204204204
st, 301, 204204204
stc, 484682528, 204204204
mfsbshy, 824, 204204204
mfb, 54, 204204204
vlt, 405, 204204204
poc, 174, 204204204
sup, 349, 204204204
supa, 817, 204204204
supd, 825, 204204204
supv, 833, 204204204
pmx, 166, 204204204
smd, 341, 204204204
php, 182, 204204204
phpd, 762, 204204204
phpl, 770, 204204204
phpm, 779, 204204204
phpv, 787, 204204204
pvbh, 150, 204204204
mfbsma, 46, 204204204
pm, 753, 204204204
mtt, 690, 204204204
mtg, 681, 204204204
mp, 673, 204204204
mfbst, 1068, 204204204
pvbt, 722, 204204204
mfbse, 1083, 204204204
sm, 802, 204204204
fr, 595, 204204204
hbc, 611, 204204204
PIS, 730, 204204204
mfbsm, 70, 204204204
dlf, 547, 204204204
dtt, 563, 204204204
VS, 73, 170170170
VL, 81, 170170170
RC, 89, 170170170
SEZ, 98, 170170170
chpl, 108, 170170170
chfl, 116, 170170170
IVF, 124, 170170170
V3, 129, 170170170
AQ, 140, 170170170
V4, 145, 170170170
V4r, 153, 170170170
c, 164, 170170170
grv, 1024, 170170170
grv of CTX, 1032, 170170170
eg, 1055, 170170170
hf, 1063, 170170170
rf, 1071, 170170170
ri, 1078, 170170170
grv of CBX, 1040, 170170170
pce, 1087, 170170170
pcf, 1095, 170170170
pri, 1103, 170170170
psf, 1112, 170170170
ppf, 1119, 170170170
sec, 3, 170170170
plf, 11, 170170170
nf, 18, 170170170
sif, 25, 170170170
icf, 34, 170170170
apf, 43, 170170170
ipf, 49, 170170170
pms, 57, 170170170
pfs, 65, 170170170
IPF, 624, 170170170
retina, 304325711, 12746126
